ZIPCODE,total_requests,avg_resolution_hours,median_resolution_hours
11226,3796,309.2,44.8
10457,3445,247.3,35.2
10467,3407,209.8,28.8
10468,3225,242.1,30.2
10456,3152,256.1,33.0
11201,3052,230.3,1.3
10458,3031,305.9,45.7
10003,2922,191.6,0.3
10452,2916,293.4,39.9
11207,2759,304.6,22.7
10453,2658,282.6,37.5
10462,2350,212.7,25.7
11208,2304,328.6,29.8
10031,2245,312.8,34.6
11385,2231,331.2,10.7
10032,2175,334.7,42.8
11221,2120,469.0,34.2
11213,2111,274.5,44.5
11377,2079,185.6,4.3
10466,2073,163.9,22.5
10463,2049,219.7,20.6
11230,2030,212.1,6.6
11225,2024,292.5,40.6
10460,2005,307.1,38.5
11216,2002,356.5,43.2
11214,1996,240.8,11.5
11220,1969,308.1,20.8
11233,1943,363.8,46.9
10033,1943,298.9,36.8
11215,1925,365.4,5.7
11209,1849,359.7,9.8
11229,1836,628.0,4.7
10025,1826,808.1,36.8
11373,1820,266.4,5.9
11368,1806,181.9,3.5
11212,1764,388.3,44.8
11235,1741,407.7,5.4
11101,1731,220.9,3.3
10472,1708,201.4,28.0
11203,1697,364.5,32.9
10034,1688,308.5,47.6
10027,1682,390.5,48.4
11211,1655,558.1,42.0
10461,1629,149.7,16.0
10451,1592,278.5,40.7
10459,1581,311.0,45.3
11223,1581,187.0,9.4
11206,1575,562.6,38.5
11106,1536,204.8,21.0
11238,1522,381.8,38.9
11218,1522,279.4,15.7
10023,1510,484.6,326.7
10455,1498,199.6,28.9
10019,1490,448.2,1.4
11236,1472,352.3,27.9
11234,1471,367.5,5.0
10026,1412,359.1,37.5
11222,1377,509.4,5.0
10030,1372,374.8,35.1
10040,1357,274.5,34.1
11372,1347,338.7,12.9
11375,1347,306.0,4.7
10002,1323,348.3,13.4
11204,1314,244.4,13.8
11237,1313,492.7,22.3
11435,1285,213.9,13.3
11432,1269,385.3,19.8
11239,1266,53.0,0.9
11217,1205,365.2,2.4
10469,1201,229.4,20.4
10029,1200,428.2,39.1
11355,1177,327.6,9.4
10314,1167,431.8,9.5
11210,1164,427.3,31.6
11231,1162,260.9,0.8
11378,1142,257.2,8.0
11691,1135,351.3,24.8
10016,1129,407.1,24.7
10039,1115,333.5,50.4
10009,1111,304.4,34.1
11205,1107,230.6,1.4
11219,1078,343.8,18.2
10035,1076,324.9,34.5
10036,1075,364.5,24.9
10473,1057,296.3,22.7
11421,1021,81.9,2.9
10454,995,286.4,38.8
10011,966,487.8,23.2
11419,963,282.4,7.7
11103,927,332.1,12.8
11420,915,283.4,14.1
11366,913,100.3,1.0
11379,913,343.9,9.3
10304,890,269.7,24.2
11105,865,319.6,7.8
11433,861,223.8,3.0
10024,860,414.8,22.1
11414,834,406.1,169.4
10301,830,358.8,24.5
11354,819,445.5,10.0
11374,810,172.7,18.7
11365,808,258.5,3.1
11434,800,443.6,13.8
11232,781,308.8,11.2
11104,757,258.0,24.1
10465,748,131.7,8.7
11369,742,400.0,3.9
11418,741,210.1,3.9
11102,737,302.5,9.4
10001,724,348.6,15.3
10312,706,519.0,27.6
10014,689,359.6,19.8
10022,673,525.3,25.6
10470,669,158.1,16.8
11224,662,210.6,28.8
10306,657,460.0,19.4
11367,653,227.5,29.1
11228,653,318.9,6.8
10012,631,377.9,27.0
11357,616,419.1,7.8
10037,608,472.3,57.4
10474,607,325.7,36.0
11249,606,514.7,17.8
11370,576,593.0,5.5
11356,569,161.9,3.1
10028,558,616.3,31.1
11417,555,184.6,13.3
10128,551,383.9,30.9
10471,550,212.0,19.6
11412,549,413.0,26.4
11358,542,267.9,7.0
10013,534,427.7,20.9
10305,532,325.6,8.8
11413,499,264.1,16.3
10309,495,387.2,5.4
10021,486,535.7,41.8
11423,484,318.1,20.8
11416,471,355.9,5.6
11692,442,194.7,23.9
11361,436,348.0,6.8
11694,429,385.7,26.3
11422,425,342.8,28.6
10017,422,422.7,21.4
10010,403,517.5,35.2
10065,402,479.5,18.2
11427,386,213.7,24.0
11415,385,281.3,34.2
10302,370,335.6,11.5
10075,349,308.2,27.0
10038,345,387.1,3.2
10018,340,406.8,21.4
10310,313,189.0,6.3
11436,310,293.2,3.1
11429,295,283.3,17.2
11364,295,620.9,14.1
11411,276,424.7,4.8
10303,272,864.8,34.9
11428,271,394.5,19.8
10004,268,224.6,0.6
11426,246,497.3,13.0
10308,242,943.6,21.9
10007,235,262.7,1.1
10475,230,219.7,15.8
11693,224,287.5,6.1
11362,217,525.9,6.7
11360,185,81.7,7.9
11430,176,1827.8,1924.0
10307,159,488.0,2.2
10464,131,138.8,29.4
11004,127,663.9,25.0
10005,113,334.2,1.0
10006,93,94.1,1.7
11363,92,611.7,49.9
10280,59,329.8,337.7
10282,53,91.7,0.9
11001,50,270.5,7.4
10044,50,186.9,25.6
11109,29,29.4,1.5
10278,28,329.8,0.3
10169,26,245.8,0.5
10069,21,228.6,0.5
10020,21,1533.2,191.6
11040,21,577.1,9.4
10000,11,1164.3,168.6
10121,10,654.6,173.6
10107,10,0.9,1.1
